<?xml version="1.0" encoding="UTF-8"?>
<beans xmlns="http://www.springframework.org/schema/beans"
	xmlns:xsi="http://www.w3.org/2001/XMLSchema-instance"
	xmlns:context="http://www.springframework.org/schema/context"
	xmlns:mvc="http://www.springframework.org/schema/mvc"
	xsi:schemaLocation="http://www.springframework.org/schema/mvc http://www.springframework.org/schema/mvc/spring-mvc-4.2.xsd
		http://www.springframework.org/schema/beans http://www.springframework.org/schema/beans/spring-beans-4.2.xsd
		http://www.springframework.org/schema/context http://www.springframework.org/schema/context/spring-context-4.2.xsd">
	<!-- 해당 패키지에서 @을 스캔 -->
	<context:component-scan base-package="com.spring.view"></context:component-scan>
	
	<bean id="multipartResolver" class="org.springframework.web.multipart.commons.CommonsMultipartResolver">
		<property name="maxUploadSize" value="100000"/>
	</bean>
<!-- 	<mvc:annotation-driven></mvc:annotation-driven> -->

	<bean id="exceptionResolver" class="org.springframework.web.servlet.handler.SimpleMappingExceptionResolver">
		<property name="exceptionMappings">
			<props>
				<prop key="java.lang.ArithmeticException">
					common/arithmeticError.jsp
				</prop>
				<prop key="java.lang.NullPointerException">
					common/nullPointerError.jsp
				</prop>
			</props>
		</property>
		<property name="defaultErrorView" value="common/error.jsp"/>
	</bean>
	
<!-- 	<bean class="org.springframework.web.servlet.handler.SimpleUrlHandlerMapping"> -->
<!-- 		<property name="mappings"> -->
<!-- 			<props> -->
<!-- 				<prop key="/getBoardList.do">getBoardList</prop> -->
<!-- 				<prop key="/getBoard.do">getBoard</prop> -->
<!-- 				<prop key="/insertBoard.do">insertBoard</prop> -->
<!-- 				<prop key="/updateBoard.do">updateBoard</prop> -->
<!-- 				<prop key="/deleteBoard.do">deleteBoard</prop> -->
<!-- 			</props> -->
<!-- 		</property> -->
<!-- 	</bean> -->
	
	
<!-- 	<bean id="getBoardList" class="com.spring.view.notice.GetBoardListController"></bean> -->
<!-- 	<bean id="getBoard" class="com.spring.view.notice.GetBoardController"></bean> -->
<!-- 	<bean id="insertBoard" class="com.spring.view.notice.InsertBoardController"></bean> -->
<!-- 	<bean id="updateBoard" class="com.spring.view.notice.UpdateBoardController"></bean> -->
<!-- 	<bean id="deleteBoard" class="com.spring.view.notice.DeleteBoardController"></bean> -->
	
	
<!-- 	<bean id="viewResolver" class="org.springframework.web.servlet.view.InternalResourceViewResolver"> -->
<!-- 		<property name="prefix" value="/"></property> -->
<!-- 		<property name="suffix" value=".jsp"></property> -->
<!-- 	</bean> -->
</beans>
